PRAGMA foreign_keys=OFF;
BEGIN TRANSACTION;
CREATE TABLE IF NOT EXISTS "django_migrations" ("id" integer NOT NULL PRIMARY KEY AUTOINCREMENT, "app" varchar(255) NOT NULL, "name" varchar(255) NOT NULL, "applied" datetime NOT NULL);
INSERT INTO django_migrations VALUES(1,'contenttypes','0001_initial','2025-03-06 19:41:39.904799');
INSERT INTO django_migrations VALUES(2,'auth','0001_initial','2025-03-06 19:41:39.963673');
INSERT INTO django_migrations VALUES(3,'admin','0001_initial','2025-03-06 19:41:40.004483');
INSERT INTO django_migrations VALUES(4,'admin','0002_logentry_remove_auto_add','2025-03-06 19:41:40.047475');
INSERT INTO django_migrations VALUES(5,'admin','0003_logentry_add_action_flag_choices','2025-03-06 19:41:40.069167');
INSERT INTO django_migrations VALUES(6,'contenttypes','0002_remove_content_type_name','2025-03-06 19:41:40.119639');
INSERT INTO django_migrations VALUES(7,'auth','0002_alter_permission_name_max_length','2025-03-06 19:41:40.155250');
INSERT INTO django_migrations VALUES(8,'auth','0003_alter_user_email_max_length','2025-03-06 19:41:40.230829');
INSERT INTO django_migrations VALUES(9,'auth','0004_alter_user_username_opts','2025-03-06 19:41:40.255697');
INSERT INTO django_migrations VALUES(10,'auth','0005_alter_user_last_login_null','2025-03-06 19:41:40.310602');
INSERT INTO django_migrations VALUES(11,'auth','0006_require_contenttypes_0002','2025-03-06 19:41:40.327163');
INSERT INTO django_migrations VALUES(12,'auth','0007_alter_validators_add_error_messages','2025-03-06 19:41:40.353094');
INSERT INTO django_migrations VALUES(13,'auth','0008_alter_user_username_max_length','2025-03-06 19:41:40.393977');
INSERT INTO django_migrations VALUES(14,'auth','0009_alter_user_last_name_max_length','2025-03-06 19:41:40.431922');
INSERT INTO django_migrations VALUES(15,'auth','0010_alter_group_name_max_length','2025-03-06 19:41:40.469320');
INSERT INTO django_migrations VALUES(16,'auth','0011_update_proxy_permissions','2025-03-06 19:41:40.496852');
INSERT INTO django_migrations VALUES(17,'auth','0012_alter_user_first_name_max_length','2025-03-06 19:41:40.533858');
INSERT INTO django_migrations VALUES(18,'sessions','0001_initial','2025-03-06 19:41:40.569677');
INSERT INTO django_migrations VALUES(19,'autenticacao','0001_initial','2025-03-07 17:00:55.953468');
INSERT INTO django_migrations VALUES(20,'plataforma','0001_initial','2025-03-07 22:39:29.432301');
INSERT INTO django_migrations VALUES(21,'plataforma','0002_auto_20250310_1926','2025-03-10 22:39:25.952694');
INSERT INTO django_migrations VALUES(22,'plataforma','0003_auto_20250310_1927','2025-03-10 22:39:26.006347');
INSERT INTO django_migrations VALUES(23,'plataforma','0004_alter_pacientes_estadocivil','2025-03-11 15:18:15.141184');
INSERT INTO django_migrations VALUES(24,'plataforma','0005_auto_20250311_1225','2025-03-11 15:25:32.777622');
INSERT INTO django_migrations VALUES(25,'plataforma','0002_pacientes','2025-03-11 20:52:43.289320');
INSERT INTO django_migrations VALUES(26,'plataforma','0003_dadospaciente','2025-03-12 01:02:50.836329');
INSERT INTO django_migrations VALUES(27,'plataforma','0004_evolucao_examescomplementares','2025-03-17 20:15:16.279727');
INSERT INTO django_migrations VALUES(28,'plataforma','0005_auto_20250317_1754','2025-03-17 20:54:37.721134');
INSERT INTO django_migrations VALUES(29,'plataforma','0006_rename_examescomplementares_demais_exames','2025-03-17 21:04:33.681484');
INSERT INTO django_migrations VALUES(30,'plataforma','0007_rename_demais_exames_examesc','2025-03-17 23:54:15.011614');
INSERT INTO django_migrations VALUES(31,'plataforma','0008_evolucao_examesc','2025-03-18 15:47:17.698832');
INSERT INTO django_migrations VALUES(32,'plataforma','0002_alter_pacientes_estadocivil_alter_pacientes_sexo','2025-03-19 22:28:42.311311');
INSERT INTO django_migrations VALUES(33,'plataforma','0003_alter_pacientes_sexo','2025-03-19 22:31:58.265810');
INSERT INTO django_migrations VALUES(34,'plataforma','0002_alter_dadospaciente_antecedentepf_and_more','2025-03-20 21:24:53.486921');
INSERT INTO django_migrations VALUES(35,'plataforma','0003_rename_exames_fisicos_dadospaciente_exame_fisico','2025-03-20 21:44:19.809134');
INSERT INTO django_migrations VALUES(36,'plataforma','0004_alter_dadospaciente_data_evolucao','2025-03-26 16:58:14.682965');
INSERT INTO django_migrations VALUES(37,'plataforma','0005_alter_evolucao_imagem_alter_evolucao_titulo','2025-03-26 16:58:14.777054');
INSERT INTO django_migrations VALUES(38,'plataforma','0006_rename_descricao_evolucao_evolucao','2025-03-26 18:34:55.353268');
INSERT INTO django_migrations VALUES(39,'plataforma','0007_alter_evolucao_evolucao','2025-03-26 18:50:30.227298');
INSERT INTO django_migrations VALUES(40,'plataforma','0002_alter_evolucao_titulo','2025-03-26 20:12:05.722332');
INSERT INTO django_migrations VALUES(41,'plataforma','0003_evolucao_data_criacao','2025-03-26 23:34:42.897443');
INSERT INTO django_migrations VALUES(42,'plataforma','0002_evolucao_data_criacao_alter_evolucao_titulo','2025-03-27 02:18:50.676494');
INSERT INTO django_migrations VALUES(43,'plataforma','0003_alter_evolucao_evolucao','2025-04-01 20:08:43.928504');
INSERT INTO django_migrations VALUES(44,'plataforma','0004_alter_evolucao_data_criacao','2025-04-01 20:08:44.002431');
INSERT INTO django_migrations VALUES(45,'plataforma','0005_alter_pacientes_telefone','2025-04-01 20:08:44.048809');
INSERT INTO django_migrations VALUES(46,'plataforma','0006_alter_pacientes_naturalidade','2025-04-01 20:08:44.105150');
INSERT INTO django_migrations VALUES(47,'plataforma','0002_alter_pacientes_cpf','2025-04-02 20:43:01.920884');
INSERT INTO django_migrations VALUES(48,'plataforma','0003_alter_pacientes_cpf','2025-04-02 21:30:55.728118');
INSERT INTO django_migrations VALUES(49,'plataforma','0004_alter_pacientes_cpf','2025-04-02 22:02:12.069918');
INSERT INTO django_migrations VALUES(50,'plataforma','0005_alter_evolucao_data_criacao','2025-04-02 23:37:05.893173');
INSERT INTO django_migrations VALUES(51,'autenticacao','0002_ativacao_email','2025-04-05 21:26:13.096761');
INSERT INTO django_migrations VALUES(52,'autenticacao','0003_perfilprofissional','2025-04-10 19:40:36.941822');
INSERT INTO django_migrations VALUES(53,'autenticacao','0004_perfilprofissional_nomeclinica','2025-04-15 22:11:59.457262');
INSERT INTO django_migrations VALUES(54,'agenda','0001_initial','2025-04-27 19:05:36.480985');
INSERT INTO django_migrations VALUES(55,'agenda','0002_add_data_hora_with_default','2025-04-27 21:22:13.503391');
INSERT INTO django_migrations VALUES(56,'agenda','0003_alter_consulta_data_hora','2025-04-27 21:24:36.313155');
INSERT INTO django_migrations VALUES(57,'plataforma','0006_alter_evolucao_data_criacao','2025-04-28 16:11:05.194442');
INSERT INTO django_migrations VALUES(58,'plataforma','0007_rename_data_dadospaciente_data_dadospaciente_and_more','2025-04-30 20:18:42.042896');
INSERT INTO django_migrations VALUES(59,'plataforma','0008_alter_pacientes_cpf','2025-05-12 17:11:12.026237');
INSERT INTO django_migrations VALUES(60,'agenda','0004_alter_consulta_paciente','2025-05-12 17:11:12.067736');
INSERT INTO django_migrations VALUES(61,'agenda','0002_alter_consulta_confirmado','2025-07-01 00:06:01.205837');
INSERT INTO django_migrations VALUES(62,'agenda','0003_alter_consulta_confirmado','2025-07-01 18:01:55.302324');
INSERT INTO django_migrations VALUES(63,'notificacoes','0001_initial','2025-07-01 18:01:55.370317');
INSERT INTO django_migrations VALUES(64,'paginas_vendas','0001_initial','2025-07-01 18:01:55.386769');
INSERT INTO django_migrations VALUES(65,'paginas_vendas','0002_assinatura_eh_teste_gratis_alter_assinatura_status_and_more','2025-07-01 18:01:55.413988');
CREATE TABLE IF NOT EXISTS "auth_group_permissions" ("id" integer NOT NULL PRIMARY KEY AUTOINCREMENT, "group_id" integer NOT NULL REFERENCES "auth_group" ("id") DEFERRABLE INITIALLY DEFERRED, "permission_id" integer NOT NULL REFERENCES "auth_permission" ("id") DEFERRABLE INITIALLY DEFERRED);
CREATE TABLE IF NOT EXISTS "auth_user_groups" ("id" integer NOT NULL PRIMARY KEY AUTOINCREMENT, "user_id" integer NOT NULL REFERENCES "auth_user" ("id") DEFERRABLE INITIALLY DEFERRED, "group_id" integer NOT NULL REFERENCES "auth_group" ("id") DEFERRABLE INITIALLY DEFERRED);
CREATE TABLE IF NOT EXISTS "auth_user_user_permissions" ("id" integer NOT NULL PRIMARY KEY AUTOINCREMENT, "user_id" integer NOT NULL REFERENCES "auth_user" ("id") DEFERRABLE INITIALLY DEFERRED, "permission_id" integer NOT NULL REFERENCES "auth_permission" ("id") DEFERRABLE INITIALLY DEFERRED);
CREATE TABLE IF NOT EXISTS "django_admin_log" ("id" integer NOT NULL PRIMARY KEY AUTOINCREMENT, "object_id" text NULL, "object_repr" varchar(200) NOT NULL, "action_flag" smallint unsigned NOT NULL CHECK ("action_flag" >= 0), "change_message" text NOT NULL, "content_type_id" integer NULL REFERENCES "django_content_type" ("id") DEFERRABLE INITIALLY DEFERRED, "user_id" integer NOT NULL REFERENCES "auth_user" ("id") DEFERRABLE INITIALLY DEFERRED, "action_time" datetime NOT NULL);
INSERT INTO django_admin_log VALUES(1,'3','Jose Celso',3,'',4,1,'2025-03-07 17:21:32.092840');
INSERT INTO django_admin_log VALUES(2,'4','Jose leite',3,'',4,1,'2025-03-07 17:21:39.605202');
INSERT INTO django_admin_log VALUES(3,'5','celsoleite',3,'',4,1,'2025-03-07 17:21:49.934777');
INSERT INTO django_admin_log VALUES(4,'2','renata10',2,'[{"changed": {"fields": ["password"]}}]',4,1,'2025-03-07 17:41:54.724820');
INSERT INTO django_admin_log VALUES(5,'6','celsoleite',3,'',4,1,'2025-03-07 17:45:49.852956');
INSERT INTO django_admin_log VALUES(6,'2','José celso leite',2,'[{"changed": {"fields": ["Estadocivil", "Datanascimento", "Naturalidade", "Telefone"]}}]',8,1,'2025-03-11 12:28:07.977061');
INSERT INTO django_admin_log VALUES(7,'2','José celso leite',2,'[{"changed": {"fields": ["Datanascimento"]}}]',8,1,'2025-03-11 12:28:52.922172');
INSERT INTO django_admin_log VALUES(8,'2','José celso leite',2,'[{"changed": {"fields": ["Datanascimento"]}}]',8,1,'2025-03-11 12:29:49.278310');
INSERT INTO django_admin_log VALUES(9,'2','José celso leite',2,'[{"changed": {"fields": ["Datanascimento"]}}]',8,1,'2025-03-11 12:31:35.238372');
INSERT INTO django_admin_log VALUES(10,'2','José celso leite',2,'[{"changed": {"fields": ["Datanascimento"]}}]',8,1,'2025-03-11 12:33:25.734238');
INSERT INTO django_admin_log VALUES(11,'2','José celso leite',2,'[{"changed": {"fields": ["Datanascimento"]}}]',8,1,'2025-03-11 12:33:58.879316');
INSERT INTO django_admin_log VALUES(12,'2','José celso leite',2,'[{"changed": {"fields": ["Datanascimento"]}}]',8,1,'2025-03-11 12:38:01.070810');
INSERT INTO django_admin_log VALUES(13,'3','david',2,'[{"changed": {"fields": ["Estadocivil", "Datanascimento", "Naturalidade", "Telefone"]}}]',8,1,'2025-03-11 12:55:17.843022');
INSERT INTO django_admin_log VALUES(14,'3','david',2,'[{"changed": {"fields": ["Datanascimento"]}}]',8,1,'2025-03-11 13:36:06.552363');
INSERT INTO django_admin_log VALUES(15,'1','julia leite',2,'[{"changed": {"fields": ["Estadocivil", "Datanascimento", "Naturalidade", "Telefone"]}}]',8,1,'2025-03-11 15:09:41.556336');
INSERT INTO django_admin_log VALUES(16,'1','julia pereira de carvalho leite',2,'[{"changed": {"fields": ["Nome", "Datanascimento"]}}]',8,1,'2025-03-11 15:11:08.804160');
INSERT INTO django_admin_log VALUES(17,'1','julia pereira de carvalho leite',2,'[{"changed": {"fields": ["Datanascimento"]}}]',8,1,'2025-03-11 15:13:03.673909');
INSERT INTO django_admin_log VALUES(18,'1','julia pereira de carvalho leite',2,'[{"changed": {"fields": ["Datanascimento"]}}]',8,1,'2025-03-11 15:14:56.069964');
INSERT INTO django_admin_log VALUES(19,'2','José celso leite',2,'[{"changed": {"fields": ["Estadocivil"]}}]',8,1,'2025-03-11 15:20:14.592214');
INSERT INTO django_admin_log VALUES(20,'1','julia pereira de carvalho leite',2,'[{"changed": {"fields": ["Sexo", "Estadocivil"]}}]',8,1,'2025-03-11 15:26:04.056649');
INSERT INTO django_admin_log VALUES(21,'2','José celso leite',2,'[{"changed": {"fields": ["Sexo", "Estadocivil"]}}]',8,1,'2025-03-11 15:26:17.397860');
INSERT INTO django_admin_log VALUES(22,'3','david',2,'[{"changed": {"fields": ["Sexo", "Estadocivil"]}}]',8,1,'2025-03-11 15:26:27.446686');
INSERT INTO django_admin_log VALUES(23,'2','José celso leite',2,'[{"changed": {"fields": ["Datanascimento"]}}]',8,1,'2025-03-11 15:26:54.315346');
INSERT INTO django_admin_log VALUES(24,'1','julia pereira de carvalho leite',2,'[{"changed": {"fields": ["Datanascimento"]}}]',8,1,'2025-03-11 15:27:29.119548');
INSERT INTO django_admin_log VALUES(25,'3','david',2,'[{"changed": {"fields": ["Datanascimento"]}}]',8,1,'2025-03-11 15:28:09.481525');
INSERT INTO django_admin_log VALUES(26,'2','renata10',2,'[{"changed": {"fields": ["Active"]}}]',4,1,'2025-03-11 16:15:46.335179');
INSERT INTO django_admin_log VALUES(27,'2','renata10',3,'',4,1,'2025-03-11 16:19:46.091896');
INSERT INTO django_admin_log VALUES(28,'4','Maria da gloria de carvalho leite',2,'[{"changed": {"fields": ["Nome", "Sexo", "Estadocivil"]}}]',8,1,'2025-03-11 16:24:33.582891');
INSERT INTO django_admin_log VALUES(29,'1','Maria da gloria de carvalho leite',2,'[{"changed": {"fields": ["Nome", "Sexo", "Estadocivil", "Profissao", "Endereco"]}}]',8,1,'2025-03-11 21:20:25.715369');
INSERT INTO django_admin_log VALUES(30,'2','david severino',2,'[{"changed": {"fields": ["Sexo", "Estadocivil", "Profissao", "Endereco"]}}]',8,1,'2025-03-11 21:28:39.509048');
INSERT INTO django_admin_log VALUES(31,'6','maria elizabhet souza campos',2,'[{"changed": {"fields": ["CPF", "Endereco"]}}]',8,1,'2025-04-02 22:05:25.155419');
INSERT INTO django_admin_log VALUES(32,'14','Josecelso',2,'[{"changed": {"fields": ["Email address"]}}]',4,1,'2025-04-05 21:33:35.106966');
INSERT INTO django_admin_log VALUES(33,'11','renata10',2,'[{"changed": {"fields": ["password"]}}]',4,1,'2025-06-30 23:46:17.890795');
CREATE TABLE IF NOT EXISTS "django_content_type" ("id" integer NOT NULL PRIMARY KEY AUTOINCREMENT, "app_label" varchar(100) NOT NULL, "model" varchar(100) NOT NULL);
INSERT INTO django_content_type VALUES(1,'admin','logentry');
INSERT INTO django_content_type VALUES(2,'auth','permission');
INSERT INTO django_content_type VALUES(3,'auth','group');
INSERT INTO django_content_type VALUES(4,'auth','user');
INSERT INTO django_content_type VALUES(5,'contenttypes','contenttype');
INSERT INTO django_content_type VALUES(6,'sessions','session');
INSERT INTO django_content_type VALUES(7,'autenticacao','ativacao');
INSERT INTO django_content_type VALUES(8,'plataforma','pacientes');
INSERT INTO django_content_type VALUES(9,'plataforma','dadospaciente');
INSERT INTO django_content_type VALUES(10,'plataforma','evolucao');
INSERT INTO django_content_type VALUES(11,'plataforma','examesc');
INSERT INTO django_content_type VALUES(12,'autenticacao','perfilprofissional');
INSERT INTO django_content_type VALUES(13,'agenda','paciente');
INSERT INTO django_content_type VALUES(14,'agenda','consulta');
INSERT INTO django_content_type VALUES(15,'notificacoes','aviso');
INSERT INTO django_content_type VALUES(16,'notificacoes','avisousuario');
INSERT INTO django_content_type VALUES(17,'paginas_vendas','assinatura');
CREATE TABLE IF NOT EXISTS "auth_permission" ("id" integer NOT NULL PRIMARY KEY AUTOINCREMENT, "content_type_id" integer NOT NULL REFERENCES "django_content_type" ("id") DEFERRABLE INITIALLY DEFERRED, "codename" varchar(100) NOT NULL, "name" varchar(255) NOT NULL);
INSERT INTO auth_permission VALUES(1,1,'add_logentry','Can add log entry');
INSERT INTO auth_permission VALUES(2,1,'change_logentry','Can change log entry');
INSERT INTO auth_permission VALUES(3,1,'delete_logentry','Can delete log entry');
INSERT INTO auth_permission VALUES(4,1,'view_logentry','Can view log entry');
INSERT INTO auth_permission VALUES(5,2,'add_permission','Can add permission');
INSERT INTO auth_permission VALUES(6,2,'change_permission','Can change permission');
INSERT INTO auth_permission VALUES(7,2,'delete_permission','Can delete permission');
INSERT INTO auth_permission VALUES(8,2,'view_permission','Can view permission');
INSERT INTO auth_permission VALUES(9,3,'add_group','Can add group');
INSERT INTO auth_permission VALUES(10,3,'change_group','Can change group');
INSERT INTO auth_permission VALUES(11,3,'delete_group','Can delete group');
INSERT INTO auth_permission VALUES(12,3,'view_group','Can view group');
INSERT INTO auth_permission VALUES(13,4,'add_user','Can add user');
INSERT INTO auth_permission VALUES(14,4,'change_user','Can change user');
INSERT INTO auth_permission VALUES(15,4,'delete_user','Can delete user');
INSERT INTO auth_permission VALUES(16,4,'view_user','Can view user');
INSERT INTO auth_permission VALUES(17,5,'add_contenttype','Can add content type');
INSERT INTO auth_permission VALUES(18,5,'change_contenttype','Can change content type');
INSERT INTO auth_permission VALUES(19,5,'delete_contenttype','Can delete content type');
INSERT INTO auth_permission VALUES(20,5,'view_contenttype','Can view content type');
INSERT INTO auth_permission VALUES(21,6,'add_session','Can add session');
INSERT INTO auth_permission VALUES(22,6,'change_session','Can change session');
INSERT INTO auth_permission VALUES(23,6,'delete_session','Can delete session');
INSERT INTO auth_permission VALUES(24,6,'view_session','Can view session');
INSERT INTO auth_permission VALUES(25,7,'add_ativacao','Can add ativacao');
INSERT INTO auth_permission VALUES(26,7,'change_ativacao','Can change ativacao');
INSERT INTO auth_permission VALUES(27,7,'delete_ativacao','Can delete ativacao');
INSERT INTO auth_permission VALUES(28,7,'view_ativacao','Can view ativacao');
INSERT INTO auth_permission VALUES(29,8,'add_pacientes','Can add pacientes');
INSERT INTO auth_permission VALUES(30,8,'change_pacientes','Can change pacientes');
INSERT INTO auth_permission VALUES(31,8,'delete_pacientes','Can delete pacientes');
INSERT INTO auth_permission VALUES(32,8,'view_pacientes','Can view pacientes');
INSERT INTO auth_permission VALUES(33,9,'add_dadospaciente','Can add dados paciente');
INSERT INTO auth_permission VALUES(34,9,'change_dadospaciente','Can change dados paciente');
INSERT INTO auth_permission VALUES(35,9,'delete_dadospaciente','Can delete dados paciente');
INSERT INTO auth_permission VALUES(36,9,'view_dadospaciente','Can view dados paciente');
INSERT INTO auth_permission VALUES(37,10,'add_evolucao','Can add evolucao');
INSERT INTO auth_permission VALUES(38,10,'change_evolucao','Can change evolucao');
INSERT INTO auth_permission VALUES(39,10,'delete_evolucao','Can delete evolucao');
INSERT INTO auth_permission VALUES(40,10,'view_evolucao','Can view evolucao');
INSERT INTO auth_permission VALUES(41,11,'add_examescomplementares','Can add examescomplementares');
INSERT INTO auth_permission VALUES(42,11,'change_examescomplementares','Can change examescomplementares');
INSERT INTO auth_permission VALUES(43,11,'delete_examescomplementares','Can delete examescomplementares');
INSERT INTO auth_permission VALUES(44,11,'view_examescomplementares','Can view examescomplementares');
INSERT INTO auth_permission VALUES(45,11,'add_demais_exames','Can add demais_exames');
INSERT INTO auth_permission VALUES(46,11,'change_demais_exames','Can change demais_exames');
INSERT INTO auth_permission VALUES(47,11,'delete_demais_exames','Can delete demais_exames');
INSERT INTO auth_permission VALUES(48,11,'view_demais_exames','Can view demais_exames');
INSERT INTO auth_permission VALUES(49,11,'add_examesc','Can add examesc');
INSERT INTO auth_permission VALUES(50,11,'change_examesc','Can change examesc');
INSERT INTO auth_permission VALUES(51,11,'delete_examesc','Can delete examesc');
INSERT INTO auth_permission VALUES(52,11,'view_examesc','Can view examesc');
INSERT INTO auth_permission VALUES(53,12,'add_perfilprofissional','Can add perfil profissional');
INSERT INTO auth_permission VALUES(54,12,'change_perfilprofissional','Can change perfil profissional');
INSERT INTO auth_permission VALUES(55,12,'delete_perfilprofissional','Can delete perfil profissional');
INSERT INTO auth_permission VALUES(56,12,'view_perfilprofissional','Can view perfil profissional');
INSERT INTO auth_permission VALUES(57,13,'add_paciente','Can add paciente');
INSERT INTO auth_permission VALUES(58,13,'change_paciente','Can change paciente');
INSERT INTO auth_permission VALUES(59,13,'delete_paciente','Can delete paciente');
INSERT INTO auth_permission VALUES(60,13,'view_paciente','Can view paciente');
INSERT INTO auth_permission VALUES(61,14,'add_consulta','Can add consulta');
INSERT INTO auth_permission VALUES(62,14,'change_consulta','Can change consulta');
INSERT INTO auth_permission VALUES(63,14,'delete_consulta','Can delete consulta');
INSERT INTO auth_permission VALUES(64,14,'view_consulta','Can view consulta');
INSERT INTO auth_permission VALUES(65,15,'add_aviso','Can add aviso');
INSERT INTO auth_permission VALUES(66,15,'change_aviso','Can change aviso');
INSERT INTO auth_permission VALUES(67,15,'delete_aviso','Can delete aviso');
INSERT INTO auth_permission VALUES(68,15,'view_aviso','Can view aviso');
INSERT INTO auth_permission VALUES(69,16,'add_avisousuario','Can add aviso usuario');
INSERT INTO auth_permission VALUES(70,16,'change_avisousuario','Can change aviso usuario');
INSERT INTO auth_permission VALUES(71,16,'delete_avisousuario','Can delete aviso usuario');
INSERT INTO auth_permission VALUES(72,16,'view_avisousuario','Can view aviso usuario');
INSERT INTO auth_permission VALUES(73,17,'add_assinatura','Can add assinatura');
INSERT INTO auth_permission VALUES(74,17,'change_assinatura','Can change assinatura');
INSERT INTO auth_permission VALUES(75,17,'delete_assinatura','Can delete assinatura');
INSERT INTO auth_permission VALUES(76,17,'view_assinatura','Can view assinatura');
CREATE TABLE IF NOT EXISTS "auth_group" ("id" integer NOT NULL PRIMARY KEY AUTOINCREMENT, "name" varchar(150) NOT NULL UNIQUE);
CREATE TABLE IF NOT EXISTS "auth_user" ("id" integer NOT NULL PRIMARY KEY AUTOINCREMENT, "password" varchar(128) NOT NULL, "last_login" datetime NULL, "is_superuser" bool NOT NULL, "username" varchar(150) NOT NULL UNIQUE, "last_name" varchar(150) NOT NULL, "email" varchar(254) NOT NULL, "is_staff" bool NOT NULL, "is_active" bool NOT NULL, "date_joined" datetime NOT NULL, "first_name" varchar(150) NOT NULL);
INSERT INTO auth_user VALUES(1,'pbkdf2_sha256$1000000$HjO2WIwfnbFNBMvS30NV6c$Pm68ofU8bLSS8mYZwA/8o1iNZCvLVOh1DOLMlM33PNQ=','2025-07-01 19:31:27.088121',1,'celso','','',1,1,'2025-03-06 19:49:40.424610','');
INSERT INTO auth_user VALUES(7,'pbkdf2_sha256$260000$EanAHKJkcDg7NemIemGCzY$5DIjjau3z5+OIRr3e5StNnpb9F02F8caTdp31HnxuIk=',NULL,0,'jose','','',0,0,'2025-03-07 18:16:57.483036','');
INSERT INTO auth_user VALUES(8,'pbkdf2_sha256$260000$yF4CONGydsRfgBKcF4fgpP$AXH+fxwB3az28waBhajnrsfM7+Havi0MaHRHmPjjqvc=',NULL,0,'leite','','',0,0,'2025-03-07 19:36:24.261315','');
INSERT INTO auth_user VALUES(9,'pbkdf2_sha256$870000$8x6Q8O5CkVtodalffUyfTa$Y5FhSsTKXi6PuNz2H9UD7nN/v2bKA6fiqYIhxJFbKWo=','2025-04-02 22:31:22.572388',0,'julia','','',0,1,'2025-03-07 20:14:00.663830','');
INSERT INTO auth_user VALUES(10,'pbkdf2_sha256$260000$TGlHC4jKEV9urNusjaoqXi$QSuzAXo1R85j7E3y+bIu2JEOV5X+DqWiHtF4E2AIRiA=',NULL,0,'julialeite','','',0,1,'2025-03-07 20:38:59.747178','');
INSERT INTO auth_user VALUES(11,'pbkdf2_sha256$1000000$FrIpHvDW3Ec7gC0i385veA$o+9HkkWYS2YIqzTdvMJxaPyusbiA2ulGCta4CNoGJog=','2025-07-01 17:10:31.256074',0,'renata10','','',0,1,'2025-03-11 16:20:20.376821','');
INSERT INTO auth_user VALUES(12,'pbkdf2_sha256$870000$RGiv522bTUUIv9hIqiWgVj$PxxFADcNVHeu6R2MqbrScs3B3zbrh4KDqiLuXs8li30=',NULL,0,'Renata leite','','',0,1,'2025-04-01 22:41:00.112536','');
INSERT INTO auth_user VALUES(13,'pbkdf2_sha256$870000$lU3huDsfGo98Zb7zTDmCDi$/eOXIy1mteCL9JaHU5PR/1axFKiF+j+5O2xdVQXVZTQ=','2025-04-01 22:49:39.826843',0,'RenataLeite','','',0,1,'2025-04-01 22:45:01.902559','');
INSERT INTO auth_user VALUES(14,'pbkdf2_sha256$870000$PLsXW2518pfLINnhMD4qia$9f6/4J/CQaoEy/DF/UYFgoBaFEHtQY1DmdOgAUSFJZM=','2025-04-05 22:00:07.708564',0,'Josecelso','','josecelsoleite@gmail.com',0,1,'2025-04-05 21:27:12','');
INSERT INTO auth_user VALUES(15,'pbkdf2_sha256$1000000$5WYBl5ik5ukfkKdGzVo59S$s02CRCdkvaxKu45m6MuW04DryBgTj7jgbPw2OG+dQtk=',NULL,0,'Vanessa Rocha','','vanessarochafisio@gmail.com',0,0,'2025-04-26 20:21:53.683743','');
INSERT INTO auth_user VALUES(16,'pbkdf2_sha256$1000000$fXPUNsdoHmtIvJAhgi9q9M$DXhHdC6J/adCdH3Jkpuntx2oZXyofs7O7g94D8xd93w=',NULL,0,'CELSOLEITE','','josecelsoleite@gmail.com',0,0,'2025-04-26 21:05:45.087965','');
INSERT INTO auth_user VALUES(17,'pbkdf2_sha256$1000000$YGn6Cuta8af9v9nXDzBrEz$VLyIiq1FHP1JAcXHJ4D/qZv9NxGKvr0/gox0uFQ2xkI=',NULL,0,'celsoleite','','josecelsoleite@gmail.com',0,0,'2025-04-27 03:57:05.100164','');
INSERT INTO auth_user VALUES(18,'pbkdf2_sha256$1000000$zAad6qntbZDQMxj6JyWkhC$IMFe5B6+vcslf3bg8ZQGqY18HYjXOg97LaeRX32EuT8=','2025-04-27 04:14:33.047839',0,'celsoleite1','','josecelsoleite@gmail.com',0,1,'2025-04-27 04:13:58.850356','');
INSERT INTO auth_user VALUES(19,'pbkdf2_sha256$1000000$U207O21va50Ttq31hi1pLu$sqHSj/kQvaXbJn1jpmkXJgR5XTtaHBr0JQJtt/nBPqY=',NULL,0,'celsoleite2','','josecelsoleite@gmail.com',0,0,'2025-04-27 04:17:26.747693','');
INSERT INTO auth_user VALUES(20,'pbkdf2_sha256$1000000$iDLmcnI6i9T1r9gudyttZm$u4pwXsfp6LsRIVe9AoJc+H0QdV6u4Q059WLDEcQwQZ0=',NULL,0,'celsoleite3','','josecelsoleite@gmail.com',0,0,'2025-04-27 04:25:06.901784','');
INSERT INTO auth_user VALUES(21,'pbkdf2_sha256$1000000$cGdVXZk1Ikye2PJPD0gFqY$Jh/pnSW0yXKCKsIgttdOVYcwmqo+Qu1QMhj9U129MLk=',NULL,0,'celsoleite4','','josecelsoleite@gmail.com',0,0,'2025-04-27 04:26:11.632785','');
INSERT INTO auth_user VALUES(22,'pbkdf2_sha256$1000000$TH90eSbZxHLJjU6EN65eXu$A5pigGbsZ1H/1N0gBdn0un1aNH2B3VhGTsU63f4WFuQ=',NULL,0,'celsoleite5','','josecelsoleite@gmail.com',0,0,'2025-04-27 04:31:00.334430','');
INSERT INTO auth_user VALUES(23,'pbkdf2_sha256$1000000$GzpDZXR8QXE6U4CW1i9qCW$yglNhtDl8TfSzEtst1dC/Z+z98iXBsBVwp03apka8Ac=',NULL,0,'celsoleite6','','josecelsoleite@gmail.com',0,0,'2025-04-27 04:32:07.911418','');
INSERT INTO auth_user VALUES(24,'pbkdf2_sha256$1000000$VXn9YKsqnGNhhW0etO40Dw$wh16n3M9Lzz5s9D9t1gmt8frzTELrv1mGYIbd4ofcfA=',NULL,0,'celsoleite7','','josecelsoleite@gmail.com',0,0,'2025-04-27 04:33:02.029608','');
INSERT INTO auth_user VALUES(25,'pbkdf2_sha256$1000000$xRtCT8eHWED2qVE8FNaddT$NGh65J4HW61tp09YJ9NOQtCvNptmUyJgjqPCtLzpGAw=',NULL,0,'celsoleite8','','josecelsoleite@gmail.com',0,0,'2025-04-27 04:34:14.066033','');
INSERT INTO auth_user VALUES(26,'pbkdf2_sha256$1000000$xyfSG0Lcm1A1tUubOwXRmZ$mE81w27mxMfeb93FnvHGVyp4EbrDADvs0Ds1iH9gx/A=',NULL,0,'celsoleite9','','josecelsoleite@gmail.com',0,0,'2025-04-27 04:42:19.627160','');
CREATE TABLE IF NOT EXISTS "django_session" ("session_key" varchar(40) NOT NULL PRIMARY KEY, "session_data" text NOT NULL, "expire_date" datetime NOT NULL);
INSERT INTO django_session VALUES('6fuehf1hjopd3qtahkae7wwhbcrrv2og','.eJxVjDsOwjAQBe_iGlle_MtS0ucMlu1d4wBypDipEHeHSCmgfTPzXiLEba1h67yEicRFgDj9binmB7cd0D222yzz3NZlSnJX5EG7HGfi5_Vw_w5q7PVbo0fPaDVYoOTpnAdtNRlyCsCgVWAGMMWViCoyasjoIBGalK02hVm8P7NDNyE:1tqdUu:Oa6Dub7rQhHneB1hACS3dFBzn98L0BR2k50XO7kVcfY','2025-03-21 19:36:40.140823');
INSERT INTO django_session VALUES('445jlww6b0vwhy1t20c0gse8k3uqmsp4','.eJxVjE0OwiAYBe_C2hAoRcCl-56BfD8gVQNJaVfGu2uTLnT7Zua9RIRtLXHraYkzi4sI4vS7IdAj1R3wHeqtSWp1XWaUuyIP2uXUOD2vh_t3UKCXbw2DQ3YQQrKDBa-ZaWRAr8EpQ2eNhijjqJiDNs4R-eyDt6hGBYTZifcHB7E4ww:1trlD4:oGOnlxPPA8s5sNDFf1uLE01jAX3WrIhuF5CYRYoUaGY','2025-03-24 22:02:54.139593');
INSERT INTO django_session VALUES('vk47t53nhgx6n9e8qts60mg3iaa0inb1','.eJxVjMsOgjAURP-la9O00EJx6Z5vaC73YVFTEgor479bEha6mmTOmXmrCPuW4l54jTOpq7Lq8ttNgE_OB6AH5PuiccnbOk_6UPRJix4X4tftdP8OEpRU1x47gj6QOGEGYwGlJ2laY0JgL0Pw0nEj4qqBgliTyBrfQjtY75z6fAEhfjkv:1trlLG:Ajm2NqL0pYT71SZLkff-P570XcVVVgTXEra_QkLQMYM','2025-03-24 22:11:22.795285');
INSERT INTO django_session VALUES('qv5w0h79ugkwlnfwjzho96biv37opgba','.eJxVjMsOgjAURP-la9O00EJx6Z5vaC73YVFTEgor479bEha6mmTOmXmrCPuW4l54jTOpq7Lq8ttNgE_OB6AH5PuiccnbOk_6UPRJix4X4tftdP8OEpRU1x47gj6QOGEGYwGlJ2laY0JgL0Pw0nEj4qqBgliTyBrfQjtY75z6fAEhfjkv:1ts2RV:zZ_xBq-8Ge57kk-qNpHeBT6Ddr6K33e4iTH3Ns1muTY','2025-03-25 16:26:57.620004');
INSERT INTO django_session VALUES('o5chaaoyujqarz121sokh1a5jfg400mq','.eJxVjEEOwiAQRe_C2hBgKqUu3fcMZGYYbNVAUtqV8e7apAvd_vfef6mI2zrFrckS56QuyqrT70bIDyk7SHcst6q5lnWZSe-KPmjTY03yvB7u38GEbfrWaElEBtMlcIZ6CWhCB5Rsdt4y9GQxuy4QD96dhX0GD4w8gGNAb1C9P_VfOEU:1ts6xq:F-M7ZXbotsELJfdzmYX196XnF_0bKHIgcGyLlMKNJQM','2025-03-25 21:16:38.915390');
INSERT INTO django_session VALUES('cyel48edkzy4kqaxui8et4mbgx3a1ncs','.eJxVjDsOwjAQBe_iGlnOJjYxJX3OYD3vbnAAJVI-FeLuECkFtG9m3sskbGtJ26JzGsRcTGVOv1sGP3Tcgdwx3ibL07jOQ7a7Yg-62G4SfV4P9--gYCnf2vXK1Gv0lVBLzBK5BnrAxTNa58A-RJBTbSrUXLeB0AREn6WhzNm8Pww6ONQ:1tuCR9:BCk4cwcudPubcmQkFa05ujJlSWsS14iaGaVACyJtFdc','2025-03-31 15:31:31.951515');
INSERT INTO django_session VALUES('oxwq8ankp32o0ee6pfqf4rluoml5cozt','.eJxVjEEOwiAQRe_C2hBAaAeX7nsGMjOAVA0kpV0Z765NutDtf-_9lwi4rSVsPS1hjuIitBan35GQH6nuJN6x3prkVtdlJrkr8qBdTi2m5_Vw_w4K9vKtlSOwPqK35NhZzooxgdZDjgrIRDAOGXNyAyADj2A1GusNGZ_cedTi_QEYQzg0:1tucgR:afLs3f5ts_DcREhFqFdhbQ1L8sEB-rRfEel_V2xUvGs','2025-04-01 19:33:03.995772');
INSERT INTO django_session VALUES('x5shj8kwmpm1wcrul1lo7oc1to7mtmej','.eJxVjEEOwiAQRe_C2hBAaAeX7nsGMjOAVA0kpV0Z765NutDtf-_9lwi4rSVsPS1hjuIitBan35GQH6nuJN6x3prkVtdlJrkr8qBdTi2m5_Vw_w4K9vKtlSOwPqK35NhZzooxgdZDjgrIRDAOGXNyAyADj2A1GusNGZ_cedTi_QEYQzg0:1tueO9:1314WPqAwTuqjlwAjseB4uB7JVT66WM_dCrCb0HPVkA','2025-04-01 21:22:17.325354');
INSERT INTO django_session VALUES('05v60dnn50nyuhfx8isob6m6dvuq1epo','.eJxVjMsOwiAQRf-FtSEUOjxcuvcbCMMMUjU0Ke3K-O_apAvd3nPOfYmYtrXGrfMSJxJnMYjT74YpP7jtgO6p3WaZ57YuE8pdkQft8joTPy-H-3dQU6_fOiXDPHryXoMDgGK1gqy1sRYdWjTBlQEUK43klQsjBSzZUHDERBnF-wPQzzgS:1tv0YK:y8a_bEwwY-sh0r0P_ub3tLr7KB6x_HohPEm1QAbiojg','2025-04-02 21:02:16.141941');
INSERT INTO django_session VALUES('wfqy70uwps27zuv55bjcfgw5l07x81zv','.eJxVjMsOwiAQRf-FtSEUOjxcuvcbCMMMUjU0Ke3K-O_apAvd3nPOfYmYtrXGrfMSJxJnMYjT74YpP7jtgO6p3WaZ57YuE8pdkQft8joTPy-H-3dQU6_fOiXDPHryXoMDgGK1gqy1sRYdWjTBlQEUK43klQsjBSzZUHDERBnF-wPQzzgS:1tvNV7:i2ijoRMiO5kUfgNIRyjuaSR_4JNz5Q__L_ILpX9YoK4','2025-04-03 21:32:29.524936');
INSERT INTO django_session VALUES('cwedaz5ly6t66i7m2vqqpjrnz9jt72pt','.eJxVjDsOwjAQBe_iGlnZtZ3YlPQ5Q7T2bnAA2VI-FeLuJFIKaN_MvLcaaFvzsC0yDxOrqwJQl98xUnpKOQg_qNyrTrWs8xT1oeiTLrqvLK_b6f4dZFryXjtHDIjBgjCiibZLozEgbWi4Y6SxdZggeMNjEoji2r2wwI0IeeNZfb77STgp:1twfao:c4csCLrpljN92YUHR1iWB_X_4JMEgHOMa6FM3q54J9w','2025-04-07 11:03:42.927549');
INSERT INTO django_session VALUES('11uuduf2vbo5oakstj9zzd57e9z2drvq','.eJxVjMsOwiAQRf-FtSEUOjxcuvcbCMMMUjU0Ke3K-O_apAvd3nPOfYmYtrXGrfMSJxJnMYjT74YpP7jtgO6p3WaZ57YuE8pdkQft8joTPy-H-3dQU6_fOiXDPHryXoMDgGK1gqy1sRYdWjTBlQEUK43klQsjBSzZUHDERBnF-wPQzzgS:1txSwo:iLYvj8Mnoyss_Ae5LvTJquMzvyu7zLt2eQLm8dPSCIw','2025-04-09 15:45:42.243057');
INSERT INTO django_session VALUES('0lq8s1y4j5pa0xy1fwxkb6m3leaq7zj5','.eJxVjMsOwiAQRf-FtSEUOjxcuvcbCMMMUjU0Ke3K-O_apAvd3nPOfYmYtrXGrfMSJxJnMYjT74YpP7jtgO6p3WaZ57YuE8pdkQft8joTPy-H-3dQU6_fOiXDPHryXoMDgGK1gqy1sRYdWjTBlQEUK43klQsjBSzZUHDERBnF-wPQzzgS:1txdVT:4-ANMZ52Wr2dv9Uq3pN8s9NLsJ0cHU_JI8Zp9y0r-uY','2025-04-10 03:02:11.481646');
INSERT INTO django_session VALUES('bktdoaluhqqipet3df5dzg6qvaqqeyld','.eJxVjDsOwjAQBe_iGlnZtZ3YlPQ5Q7T2bnAA2VI-FeLuJFIKaN_MvLcaaFvzsC0yDxOrqwJQl98xUnpKOQg_qNyrTrWs8xT1oeiTLrqvLK_b6f4dZFryXjtHDIjBgjCiibZLozEgbWi4Y6SxdZggeMNjEoji2r2wwI0IeeNZfb77STgp:1tzgVb:XC_S3ETlA3UELGOBMv0Nuc6sV7bB4olScClNGJqek58','2025-04-15 18:38:47.864512');
INSERT INTO django_session VALUES('s9cdy8e892za5s0l9dyfa5iq7sutlxfa','.eJxVjMsOwiAQRf-FtSEUOjxcuvcbCMMMUjU0Ke3K-O_apAvd3nPOfYmYtrXGrfMSJxJnMYjT74YpP7jtgO6p3WaZ57YuE8pdkQft8joTPy-H-3dQU6_fOiXDPHryXoMDgGK1gqy1sRYdWjTBlQEUK43klQsjBSzZUHDERBnF-wPQzzgS:1u06Ca:0LKvPG3NGUnBsgkRhRT5w5U5lXHzgv4TBTrw8alz8S0','2025-04-16 22:04:52.572791');
INSERT INTO django_session VALUES('96mzdbzmp4hs2s4lvzekz9wguku6qpa3','.eJxVjMsOwiAQRf-FtSEUOjxcuvcbCMMMUjU0Ke3K-O_apAvd3nPOfYmYtrXGrfMSJxJnMYjT74YpP7jtgO6p3WaZ57YuE8pdkQft8joTPy-H-3dQU6_fOiXDPHryXoMDgGK1gqy1sRYdWjTBlQEUK43klQsjBSzZUHDERBnF-wPQzzgS:1u1AnI:v0qOZZVmpH0OkTwF9_fFS225R_iOkvTiBAmY8iIzRp0','2025-04-19 21:11:12.462769');
INSERT INTO django_session VALUES('qcho1rh69292wefyxy5djsdd0pi8fcby','.eJxVjDsOwyAQRO9CHSE-i4GU6X0GtMASnERYMnYV5e6xJRdJN5r3Zt4s4LbWsHVawpTZlUlgl98yYnpSO0h-YLvPPM1tXabID4WftPNxzvS6ne7fQcVe97UyRXnhpIrR7GEQRANidtk6BLRGJi18suC80cVqR9oDxJQBlCgoBft8Aeq1N0Q:1u1BYd:_tXsXIs3_w54O3fcGACc6fMNW2R5RTQQFJ8hnDi8yH4','2025-04-19 22:00:07.733275');
INSERT INTO django_session VALUES('b4m85w2kcyeq17m5d3onk9gwfgiiu9pt','.eJxVjDsOwjAQBe_iGlnZtZ3YlPQ5Q7T2bnAA2VI-FeLuJFIKaN_MvLcaaFvzsC0yDxOrqwJQl98xUnpKOQg_qNyrTrWs8xT1oeiTLrqvLK_b6f4dZFryXjtHDIjBgjCiibZLozEgbWi4Y6SxdZggeMNjEoji2r2wwI0IeeNZfb77STgp:1u4mvo:cmrVK2Hw-y_JXnacqTZ9QyKBs2nDGCYVLq1KQLgV1-s','2025-04-29 20:30:56.495599');
INSERT INTO django_session VALUES('slrqfq1mg340rldcdm3ojvmmyx09fo1k','.eJxVjDEOgzAQBP_iOrLAgDlSpucNls97F0gikDBUUf4eWaJI2p2ZfZsQj30KR5YtzDBXU9fm8jtyTE9ZCsEjLvfVpnXZt5ltUexJsx1XyOt2un8HU8xTqUFV51PbNk4Tg7xAKXnu4AbVqo8gGcRTrwmuBjcMJoKq9C42GMznCzq5OdQ:1u7NJ9:hDqrACpG7n2rDEn1P06BVGBdpxNZdcBEAFj6x_YQXt8','2025-05-06 23:45:43.467431');
INSERT INTO django_session VALUES('ee7gyaeuzzd5jzj6hmctnici0ujnv6nn','eyJfcGFzc3dvcmRfcmVzZXRfdG9rZW4iOiJjb3ZnN3otZjU3ZDk0YzIwYzgyYThlZjBkOTU4Y2Q3NGM2ZDIwODIifQ:1u8jnl:oVFfFhsUubgqf1XlmqSsRPizG86QeC6rbN2DM2gEcWI','2025-05-10 17:58:57.424588');
INSERT INTO django_session VALUES('qxsyo9252agpm5ny9d1vxz50vdkww88y','.eJxVjEEOwiAURO_C2hDBlvm4dN8zkA98pWpKUtqV8e7apAvdzntvXirwupSwNpnDmNVZGVKH3zFyesi0kXzn6VZ1qtMyj1Fvit5p00PN8rzs7t9B4Va-9RVekhUxYj2jIwIDlAjHHoIspwhvrI_CHtIRKCaL2Dt2Ysl5qPcHENE37Q:1u8tPV:P3kzXOnfUN9Uj4Et-E9W9qJP_cZtZv6-bgUGZ-VyMtE','2025-05-11 04:14:33.053925');
INSERT INTO django_session VALUES('g32hik10gqesm1is2fycrgpqh4zzvmfc','.eJxVjMsOwiAQRf-FtSFAKQ-X7v0GMjMMUjU0Ke3K-O_apAvd3nPOfYkE21rT1nlJUxZnobU4_Y4I9OC2k3yHdpslzW1dJpS7Ig_a5XXO_Lwc7t9BhV6_NVhnPDu2wFqNvrDDADGWEQ0VO3hAKJizxmAJiXVUhmJUYWBUTGDF-wMr7DlN:1uACbP:9lXi6P1eBUzsILGwkwCfSw7Ihe1WUkNjBjz0Uk6rYj0','2025-05-14 18:56:15.456226');
INSERT INTO django_session VALUES('ag8shts0qx2x9zzfdjhub0mec7p87ffu','.eJxVjMsOwiAQRf-FtSFAKQ-X7v0GMjMMUjU0Ke3K-O_apAvd3nPOfYkE21rT1nlJUxZnobU4_Y4I9OC2k3yHdpslzW1dJpS7Ig_a5XXO_Lwc7t9BhV6_NVhnPDu2wFqNvrDDADGWEQ0VO3hAKJizxmAJiXVUhmJUYWBUTGDF-wMr7DlN:1uCiN8:_q4K_8XW40_adUkbBnWombrPVZZ728045jPqEIqtkmY','2025-05-21 17:15:54.983989');
INSERT INTO django_session VALUES('dz6pl1hu7r0r8xtrt14s5aqurb07mgv9','.eJxVjMsOwiAQRf-FtSFAKQ-X7v0GMjMMUjU0Ke3K-O_apAvd3nPOfYkE21rT1nlJUxZnobU4_Y4I9OC2k3yHdpslzW1dJpS7Ig_a5XXO_Lwc7t9BhV6_NVhnPDu2wFqNvrDDADGWEQ0VO3hAKJizxmAJiXVUhmJUYWBUTGDF-wMr7DlN:1uEtXc:iUy_mrbnJvAfBMEFNi8N_8_jM9mLkhO74DNoHAeF2TE','2025-05-27 17:35:44.912684');
INSERT INTO django_session VALUES('6mmnqmmdk8k74nea0ldi8xxl8we4sol7','.eJxVjMsOwiAQRf-FtSFAKQ-X7v0GMjMMUjU0Ke3K-O_apAvd3nPOfYkE21rT1nlJUxZnobU4_Y4I9OC2k3yHdpslzW1dJpS7Ig_a5XXO_Lwc7t9BhV6_NVhnPDu2wFqNvrDDADGWEQ0VO3hAKJizxmAJiXVUhmJUYWBUTGDF-wMr7DlN:1uWN0E:PtdxjnEJyc7of38AW5rJ0Kw50p3b1H__X6sqOrrbCH4','2025-07-14 22:29:30.214248');
INSERT INTO django_session VALUES('ulin2l8rzpttwut59jjl032hhkgm6iud','.eJxVjEEOwiAQRe_C2pCpMEPr0r1nIMNApWpKUtqV8e7SpAvdvvf-fyvP25r9VtPip6guqlOnXxZYnmneRXzwfC9ayrwuU9B7og9b9a3E9Loe7d9B5prbOgVg68AKAIPQ2FukMKDhNKIzSYDOFMRhDzAEMhTRSceNgCC1Un2-2uM3lQ:1uWOCY:-ckB3ZRUPDVuFObOO4Lu1oghCHW1BMRYLLh2y_BT828','2025-07-14 23:46:18.237584');
INSERT INTO django_session VALUES('4d8jc6dp1zv976i4agqrys8ftr904hml','.eJxVjEEOwiAQRe_C2pCpMEPr0r1nIMNApWpKUtqV8e7SpAvdvvf-fyvP25r9VtPip6guqlOnXxZYnmneRXzwfC9ayrwuU9B7og9b9a3E9Loe7d9B5prbOgVg68AKAIPQ2FukMKDhNKIzSYDOFMRhDzAEMhTRSceNgCC1Un2-2uM3lQ:1uWghT:Zw4cNnMEY4Im27K6jh4c96qf4D56qTOoUNidsxZtxmw','2025-07-15 19:31:27.097338');
CREATE TABLE IF NOT EXISTS "plataforma_examesc" ("id" integer NOT NULL PRIMARY KEY AUTOINCREMENT, "exame_fisico" integer NOT NULL, "exames_complementares" integer NOT NULL, "diagnostico" integer NOT NULL, "plano_terapeutico" integer NOT NULL, "paciente_id" bigint NOT NULL REFERENCES "plataforma_pacientes" ("id") DEFERRABLE INITIALLY DEFERRED);
CREATE TABLE IF NOT EXISTS "plataforma_dadospaciente" ("id" integer NOT NULL PRIMARY KEY AUTOINCREMENT, "peso" integer NOT NULL, "qp" varchar(125) NOT NULL, "hma" varchar(125) NOT NULL, "hpp" varchar(125) NOT NULL, "antecedentepf" varchar(120) NOT NULL, "exames_complementares" varchar(80) NOT NULL, "diagnostico" varchar(80) NOT NULL, "plano_terapeutico" varchar(80) NOT NULL, "paciente_id" bigint NOT NULL REFERENCES "plataforma_pacientes" ("id") DEFERRABLE INITIALLY DEFERRED, "exame_fisico" varchar(88) NOT NULL, "data_dadospaciente" date NOT NULL);
INSERT INTO plataforma_dadospaciente VALUES(7,101,'afasdfadsfafd fadfa fa afasdfadsfafd fadfa fa afasdfadsfafd fadfa fa afasdfadsfafd fadfa fa afasdfadsfafd fadfa fa ','afasdfadsfafd fadfa fa afasdfadsfafd fadfa fa afasdfadsfafd fadfa fa ','afasdfadsfafd fadfa fa afasdfadsfafd fadfa fa afasdfadsfafd fadfa fa afasdfadsfafd fadfa fa afasdfadsfafd fadfa fa ','afasdfadsfafd fadfa fa afasdfadsfafd fadfa fa afasdfadsfafd fadfa fa afasdfadsfafd fadfa fa afasdfadsfafd fadfa fa afasdfadsfafd fadfa fa ','afasdfadsfafd fadfa fa afasdfadsfafd fadfa fa afasdfadsfafd fadfa fa afasdfadsfafd fadfa fa afasdfadsfafd fadfa fa afasdfadsfafd fadfa fa ','afasdfadsfafd fadfa fa afasdfadsfafd fadfa fa afasdfadsfafd fadfa fa afasdfadsfafd fadfa fa afasdfadsfafd fadfa fa afasdfadsfafd fadfa fa afasdfadsfafd fadfa fa ','afasdfadsfafd fadfa fa afasdfadsfafd fadfa fa afasdfadsfafd fadfa fa afasdfadsfafd fadfa fa afasdfadsfafd fadfa fa afasdfadsfafd fadfa fa afasdfadsfafd fadfa fa afasdfadsfafd fadfa fa afasdfadsfafd fadfa fa afasdfadsfafd fadfa fa afasdfadsfafd fadfa fa afasdfadsfafd fadfa fa afasdfadsfafd fadfa fa afasdfadsfafd fadfa fa afasdfadsfafd fadfa fa afasdfadsfafd fadfa fa afasdfadsfafd fadfa fa afasdfadsfafd fadfa fa afasdfadsfafd fadfa fa afasdfadsfafd fadfa fa afasdfadsfafd fadfa fa afasdfadsfafd fadfa fa afasdfadsfafd fadfa fa afasdfadsfafd fadfa fa afasdfadsfafd fadfa fa afasdfadsfafd fadfa fa ',3,'afasdfadsfafd fadfa fa afasdfadsfafd fadfa fa afasdfadsfafd fadfa fa afasdfadsfafd fadfa fa afasdfadsfafd fadfa fa afasdfadsfafd fadfa fa ','2025-03-24');
INSERT INTO plataforma_dadospaciente VALUES(8,65,'-','-','-','-','-','-','-',1,'-','2025-03-24');
INSERT INTO plataforma_dadospaciente VALUES(9,75,'56456','jhgg','jhg','gjhghgjkghsdfjkhgk','jkhfgejkbnj','kjkwnfskjnfsb''jb''hbvedkjrgnsdrjgbdjsrkb','d,mbgsdbkjgdbjkgjfsd',1,'1kçjshgjkdfhjk','2025-03-30');
INSERT INTO plataforma_dadospaciente VALUES(10,82,'qp1','hma1','hpp1','antecedentes pessoais familiares1','exames complementares1''','diagnsotico1','plano terapeutico1',2,'exame fisico 1','2025-04-01');
INSERT INTO plataforma_dadospaciente VALUES(11,65,'SDFASD','safdfas','asdfas213','asdfsad231','asdf321','asdfads321','asdf231',3,'asdfsad231','2025-04-01');
INSERT INTO plataforma_dadospaciente VALUES(12,100,'55','68','88','diabetes melitus tp2','nada concluido ','a se desvendar ','a se programar ',5,'apresenta deformação na lombar verbras c3 e c4','2025-04-01');
INSERT INTO plataforma_dadospaciente VALUES(13,82,'Dores nas costas','Mecanismo de lesão Problema lento ou súbito? Quais regiões corporais estão afetadas? Onde se localizava a dor ou outros sintomas no início do problema? Quais movimentos ou atividades causam dor? Há quanto tempo existe o problema? Já ocorrera antes?','tive uma hérnia de disco há 5 anos e fiz fisioterapia na época','Mãe com diagnóstico de osteoporose e artrose no joelho. Pai com histórico de hérnia de disco lombar. Irmão com escoliose diagnosticada na adolescência','Radiografia (Raio-X): → Exemplo: “Radiografia lombar mostra redução do espaço intervertebral em L4-L5.”  Ressonância Magnética: → Exemplo: “RM indica protrusão discal em L5-S1, com leve compressão da raiz','hosteoropse hereditaria','Reduzir dor em região lombar (meta: dor <3 na EVA em 4 semanas)  Melhorar amplitude de movimento lombar (flexão/extensão)  Reforçar musculatura abdominal e paravertebral  Corrigir padrão postural antálgico  Reeducar ergonomia no trabalho',7,'Postura em leve flexão anterior do tronco  Assimetria de cintura pélvica  Marcha antálgica (evita pisar com força no lado direito)','2025-04-30');
INSERT INTO plataforma_dadospaciente VALUES(14,72,'pqpqpqp','hmamhma','hpphpp','Antecedentes Pessoais Familiares','Exames Complementares','Diagnostico','Plano Terapeutico',6,'exame fisico','2025-04-30');
INSERT INTO plataforma_dadospaciente VALUES(15,75,'qp1','hma1','app1','Antecedentes Pessoais Familiares','xames Complementares','Diagnostico','Plano Terapeutico',6,'Exame fisico','2025-04-30');
INSERT INTO plataforma_dadospaciente VALUES(16,82,'{{dado.data_dadospaciente|date:"d/m/Y"}}','{{dado.data_dadospaciente|date:"d/m/Y"}}','{{dado.data_dadospaciente|date:"d/m/Y"}}','{{dado.data_dadospaciente|date:"d/m/Y"}}','''{{dado.data_dadospaciente|date:"d/m/Y"}}','{{dado.data_dadospaciente|date:"d/m/Y"}}','{{dado.data_dadospaciente|date:"d/m/Y"}}',6,'{{dado.data_dadospaciente|date:"d/m/Y"}}','2025-04-25');
INSERT INTO plataforma_dadospaciente VALUES(17,65,'qp1','O HMA VPN (HideMyAss!) é um software de rede virtual privada (VPN) projetado para garantir a privacidade e a segurança online dos usuários. Ele permite mascarar o endereço IP, criptografar a conexão à internet e acessar sites e conteúdos bloqueados por localização geográfica. Com uma interface intuitiva, o HMA oferece servidores em mais de 190 países, conexão rápida e recursos como Kill Switch, IP aleatório e proteção contra vazamentos de DNS. É amplamente utilizado para navegação anônima, segurança em redes Wi-Fi públicas e acesso a plataformas de streaming internacionais.  Se quiser uma versão mais técnica, resumida, formal ou adaptada a outro tipo de HMA, posso ajustar. Deseja isso para um trabalho acadêmico, site de vendas, projeto de TCC, ou outro uso específico?','hpp','Antecedentes Pessoais Familiares','exames complementares','diagnostico','plano terapuetico',1,'exame fisico','2025-05-12');
CREATE TABLE IF NOT EXISTS "autenticacao_ativacao" ("id" integer NOT NULL PRIMARY KEY AUTOINCREMENT, "token" varchar(64) NOT NULL, "ativo" bool NOT NULL, "user_id" integer NOT NULL REFERENCES "auth_user" ("id") DEFERRABLE INITIALLY DEFERRED, "email" varchar(254) NOT NULL);
INSERT INTO autenticacao_ativacao VALUES(1,'f67a6f1d224cf254da05ec3a805a245e66367c0aeaad08a8098331b6ed8ab85b',1,9,'example@example.com');
INSERT INTO autenticacao_ativacao VALUES(2,'20088093e6358fbad31278d180a0db8d6a48cf1f9ce5c09657f866d0b6d53585',1,10,'example@example.com');
INSERT INTO autenticacao_ativacao VALUES(3,'ddb0cf61457deb41b2d4f8e605f319179265c91288b6f8845d3a894388cd1034',1,11,'example@example.com');
INSERT INTO autenticacao_ativacao VALUES(4,'44d11030c7cac32eb17a72a49f33515582e2084d15e464de99b523a350ad644d',1,12,'example@example.com');
INSERT INTO autenticacao_ativacao VALUES(5,'7aae40ac2051c3a83b148a95850cc4368bddf42d859d92d71a92f1aa30c5e88d',1,13,'example@example.com');
INSERT INTO autenticacao_ativacao VALUES(6,'b04e9227af7202d5595c4fd903cd1cb68c5bd5e0d77ec8ecb122586a92f1b0fd',1,14,'example@example.com');
INSERT INTO autenticacao_ativacao VALUES(7,'deedbb0b92da3885e495513d0dc68c76b2d487814adf31800e4c256b90aa6888',0,15,'example@example.com');
INSERT INTO autenticacao_ativacao VALUES(8,'2a3f769213f51b4b1c172407c0ecbb77f466468ef052ebe487823f94c92f5d4c',0,16,'example@example.com');
INSERT INTO autenticacao_ativacao VALUES(9,'8c7d9ee706675f96f884b0468803f174af507acaf18704582d1f0f280f35d642',0,17,'example@example.com');
INSERT INTO autenticacao_ativacao VALUES(10,'e8e93bccc31eb20bef720fcaa9351cdfe5ee2713f7809b1e0911d53101a0e238',1,18,'example@example.com');
INSERT INTO autenticacao_ativacao VALUES(11,'220f366b0be7e7a233a5c5ed8987aceb9c22807cb12ee11ec2448a294f7b9929',0,19,'example@example.com');
INSERT INTO autenticacao_ativacao VALUES(12,'a0b9a712e51a81b66515211e67bf42ba6e96c9f9187739ab34e7ba16624c1b00',0,20,'example@example.com');
INSERT INTO autenticacao_ativacao VALUES(13,'c257666cbec4bc8621210e8b3e82968b199bfcfaacf9921d25ead8586607c382',0,21,'example@example.com');
INSERT INTO autenticacao_ativacao VALUES(14,'f2c3641c1ab504c5c982a24df96f78eae1b45d1b1457f618488e84a3db537335',0,22,'example@example.com');
INSERT INTO autenticacao_ativacao VALUES(15,'4774011dd9c2f1681df4476f77b156c59b424897ce80f1a072d39dd41e1d95f6',0,23,'example@example.com');
INSERT INTO autenticacao_ativacao VALUES(16,'1de3899bd10c68ebfc5fb2ce446849724a6ae723d09649dda0e7a79f0893aa03',0,24,'example@example.com');
INSERT INTO autenticacao_ativacao VALUES(17,'33955158230a0052c1ac4fa2e86c0ff22341ba4c8d700fcaf49a2c14cb9d5e82',0,25,'example@example.com');
INSERT INTO autenticacao_ativacao VALUES(18,'87a2798d4d200ce7e4efb1a28185d54a7a950416a1336683084cc87e09d5995d',0,26,'example@example.com');
CREATE TABLE IF NOT EXISTS "autenticacao_perfilprofissional" ("id" integer NOT NULL PRIMARY KEY AUTOINCREMENT, "nome_completo" varchar(100) NOT NULL, "cpf" varchar(14) NOT NULL, "crefito" varchar(20) NOT NULL, "logotipo" varchar(100) NULL, "usuario_id" integer NOT NULL UNIQUE REFERENCES "auth_user" ("id") DEFERRABLE INITIALLY DEFERRED, "nomeclinica" varchar(101) NULL);
INSERT INTO autenticacao_perfilprofissional VALUES(1,'Renata Priscila Pereira Leite','07460613665','25156/F','logos_profissionais/logorenatleite.png',11,'Clinica Renata Leite');
CREATE TABLE IF NOT EXISTS "agenda_paciente" ("id" integer NOT NULL PRIMARY KEY AUTOINCREMENT, "nome" varchar(100) NOT NULL, "telefone" varchar(20) NOT NULL, "email" varchar(254) NOT NULL, "data_nascimento" date NOT NULL);
CREATE TABLE IF NOT EXISTS "plataforma_evolucao" ("id" integer NOT NULL PRIMARY KEY AUTOINCREMENT, "titulo" varchar(50) NOT NULL, "imagem" varchar(100) NOT NULL, "evolucao" text NOT NULL, "paciente_id" bigint NOT NULL REFERENCES "plataforma_pacientes" ("id") DEFERRABLE INITIALLY DEFERRED, "data_criacao" date NOT NULL);
INSERT INTO plataforma_evolucao VALUES(17,'dores nos pescoço','','dores nos pescoçodores nos pescoçodores nos pescoço',3,'2025-03-27');
INSERT INTO plataforma_evolucao VALUES(18,'nao consegue m caminhar1','','nao consegue m caminhar1',3,'2025-04-01');
INSERT INTO plataforma_evolucao VALUES(19,'DORES NO PESCOÇO','',replace(replace('DORES NO PESCOÇO - DORES NO PESCOÇO\r\nDORES NO PESCOÇO - DORES NO PESCOÇO\r\nDORES NO PESCOÇO - DORES NO PESCOÇO\r\nDORES NO PESCOÇO - DORES NO PESCOÇO\r\nDORES NO PESCOÇO - DORES NO PESCOÇODORES NO PESCOÇO - DORES NO PESCOÇO\r\nDORES NO PESCOÇO - DORES NO PESCOÇO\r\nDORES NO PESCOÇO - DORES NO PESCOÇO\r\nDORES NO PESCOÇO - DORES NO PESCOÇO\r\nDORES NO PESCOÇO - DORES NO PESCOÇO1','\r',char(13)),'\n',char(10)),2,'2025-04-01');
INSERT INTO plataforma_evolucao VALUES(20,'DORES NO PESCOÇO','','massagem no pescoço',1,'2025-04-01 22:08:32.435011');
INSERT INTO plataforma_evolucao VALUES(21,'dores no joelho','','nao consegue caminhar',4,'2025-04-01');
INSERT INTO plataforma_evolucao VALUES(22,'DORES NO PES','',replace(replace('alongamento 3x aos dia, alongamento 3x aos dia\r\nalongamento 3x aos dia, alongamento 3x aos diaalongamento 3x aos dia, alongamento 3x aos diaalongamento 3x aos dia, alongamento 3x aos diaalongamento 3x aos dia, alongamento 3x aos diaalongamento 3x aos dia, alongamento 3x aos diaalongamento 3x aos dia, alongamento 3x aos diaalongamento 3x aos dia, alongamento 3x aos dia','\r',char(13)),'\n',char(10)),4,'2025-04-01');
INSERT INTO plataforma_evolucao VALUES(23,'desvio de vertebras c3 e c4','',replace(replace('Paciente se encontra em tratamento de diabetes melitos tp 2 com medico especialista, faz uso de bengala para apoio. mais caminha sozinho, paciente em começo de tratamento ainda nao vendo melhoras na coluna mais relata melhora na dor das pernas.\r\nsendo que ja se nota melhoras visiveis no caminhar.','\r',char(13)),'\n',char(10)),5,'2025-04-01');
INSERT INTO plataforma_evolucao VALUES(24,'consulta 02','',replace(replace('Paciente relata melhora significativa na dor nas pernas, e relata que está conseguindo dar alguns passos se a ajuda da bengala, relata que sente se mais disposto para as AVDs diarias e que ja se sente mais seguro para voltar as suas atividades cotidianas  \r\n','\r',char(13)),'\n',char(10)),5,'2025-04-01');
INSERT INTO plataforma_evolucao VALUES(25,'dores nas pernas','',replace(replace('exercicios executado par alongamento dos nervo siatico.\r\nexercicios executado par alongamento dos nervo siatico\r\nexercicios executado par alongamento dos nervo siatico','\r',char(13)),'\n',char(10)),7,'2025-04-28 16:05:45.431102');
INSERT INTO plataforma_evolucao VALUES(26,'dores nos pés','','exercicios executado par alongamento dos nervo siaticoexercicios executado par alongamento dos nervo siaticoexercicios executado par alongamento dos nervo siaticoexercicios executado par alongamento dos nervo siaticoexercicios executado par alongamento dos nervo siatico',7,'2025-04-28 16:07:56.421961');
INSERT INTO plataforma_evolucao VALUES(27,'DORES NO PESCOÇO','','data_criacao = request.POST.get(''data_criacao'') or datetime.date.today()data_criacao = request.POST.get(''data_criacao'') or datetime.date.today()',7,'2025-04-25');
INSERT INTO plataforma_evolucao VALUES(28,'alongamento dos braços','','alongamento dos braçosalongamento dos braçosalongamento dos braçosalongamento dos braçosalongamento dos braços',7,'2025-04-23');
INSERT INTO plataforma_evolucao VALUES(29,'dores nas costas','',replace(replace('Condutas realizadas:\r\n\r\nTerapia manual: liberação miofascial em região lombar direita e mobilização articular em L4-L5\r\n\r\nEletroterapia: TENS (modo burst) por 20 min – intensidade tolerável\r\n\r\nCinesioterapia: alongamento de cadeia posterior, ponte com elevação de quadril, prancha abdominal isométrica (3x 20 segundos)\r\n\r\nReeducação postural: treino em pé com espelho e feedback tátil\r\n\r\nResposta do paciente:\r\n\r\nRelatou redução da dor de 6 para 4 na escala EVA ao final da sessão\r\n\r\nExecutou os exercícios com leve desconforto, mas sem limitação funcional\r\n\r\nMelhor controle postural comparado à sessão anterior\r\n\r\nOrientações:\r\n\r\nReforçada a importância de pausas ativas no trabalho a cada 2 horas\r\n\r\nInstruído a realizar os alongamentos prescritos em casa, 1x/dia\r\n\r\nObservações:\r\n\r\nBoa adesão ao tratamento\r\n\r\nPlanejado início de exercícios com resistência leve na próxima sessão','\r',char(13)),'\n',char(10)),7,'2025-04-30');
INSERT INTO plataforma_evolucao VALUES(30,'nao levanta','','nao levantanao levantanao levantanao levantanao levanta',3,'2025-04-30');
INSERT INTO plataforma_evolucao VALUES(31,'asdf','',replace(replace('O HMA VPN (HideMyAss!) é um software de rede virtual privada (VPN) projetado para garantir a privacidade e a segurança online dos usuários. Ele permite mascarar o endereço IP, criptografar a conexão à internet e acessar sites e conteúdos bloqueados por localização geográfica. Com uma interface intuitiva, o HMA oferece servidores em mais de 190 países, conexão rápida e recursos como Kill Switch, IP aleatório e proteção contra vazamentos de DNS. É amplamente utilizado para navegação anônima, segurança em redes Wi-Fi públicas e acesso a plataformas de streaming internacionais.\r\n\r\nSe quiser uma versão mais técnica, resumida, formal ou adaptada a outro tipo de HMA, posso ajustar. Deseja isso para um trabalho acadêmico, site de vendas, projeto de TCC, ou outro uso específico?','\r',char(13)),'\n',char(10)),3,'2025-05-12');
CREATE TABLE IF NOT EXISTS "plataforma_pacientes" ("id" integer NOT NULL PRIMARY KEY AUTOINCREMENT, "nome" varchar(50) NOT NULL, "sexo" varchar(24) NOT NULL, "estadocivil" varchar(25) NOT NULL, "datanascimento" date NOT NULL, "naturalidade" varchar(120) NOT NULL, "profissao" varchar(50) NOT NULL, "email" varchar(254) NOT NULL, "telefone" varchar(25) NOT NULL, "endereco" varchar(50) NOT NULL, "fisio_id" integer NOT NULL REFERENCES "auth_user" ("id") DEFERRABLE INITIALLY DEFERRED, "cpf" varchar(14) NULL);
INSERT INTO plataforma_pacientes VALUES(1,'Maria da gloria de carvalho leite','Feminino','Viuvo(a)','1959-10-29','sao lourenco','aposentada','glorinha@gmail.com','35888898956','rua felipe dos santos, 82, carioca, sao lourenço-MG',11,'123.654.987-55');
INSERT INTO plataforma_pacientes VALUES(2,'david severino','Masculino','Divorciado(a)','1980-08-08','sao lourenço','padeiro','david@gmail.com','35988599523','rua eupido de morais, 55, casa2, porta do ceu, sao lourençoMG',9,'cpf');
INSERT INTO plataforma_pacientes VALUES(3,'Conceicao da silva Nascimento','Feminino','Solteiro(a)','1955-09-15','sao lourenco','aposentada','concceicao@gmail.com','35988885555','rua eupido de morais, 55, casa2, porta do ceu, sao lourençoMG',11,'666.666.777-22');
INSERT INTO plataforma_pacientes VALUES(4,'Maria Conceicao da Silva Xavier','Masculino','Casado(a)','1951-09-21','sao lourenco','CEO da Fisiomina','concceicao2@gmail.com','35988599022','rua eupido de morais, 65, casa2, porta do ceu, sao lourençoMG',11,'123.987.452-77');
INSERT INTO plataforma_pacientes VALUES(5,'luiz carlos da silva','Masculino','Casado(a)','1948-01-12','boa esperança ','padre','paroquiabe@gmail.com','35988070777','rua da ajuda 117',13,replace(replace('123.456.789-88\r\n','\r',char(13)),'\n',char(10)));
INSERT INTO plataforma_pacientes VALUES(6,'maria elizabhet souza campos','Feminino','Casado(a)','1965-09-16','sao lourenco','secretaria','mariaeliza@gmail.com','22988556352','rua dos ipes, 195, centro, campos dos goytacasesRJ',11,'123.654.789-98');
INSERT INTO plataforma_pacientes VALUES(7,'GILMARA ROCHA','Feminino','Casado(a)','1971-07-04','sao lourenço','COMERCIANTE','gilrochaleite@gmail.com','35991270690','rua maria francisca de carvalho 71',11,'123.456.789-00');
INSERT INTO plataforma_pacientes VALUES(8,'jose valdemir Zino','Masculino','Casado','1956-04-29','sao lourenço','COMERCIANTE','gilrochaleite1@gmail.com','35991270690','rua maria francisca de carvalho 71',11,'123.456.789-00');
CREATE TABLE IF NOT EXISTS "agenda_consulta" ("id" integer NOT NULL PRIMARY KEY AUTOINCREMENT, "data_hora" datetime NOT NULL, "duracao" integer unsigned NOT NULL CHECK ("duracao" >= 0), "status" varchar(20) NOT NULL, "observacoes" text NOT NULL, "criado_em" datetime NOT NULL, "atualizado_em" datetime NOT NULL, "data_hora_fim" datetime NULL, "paciente_id" bigint NOT NULL REFERENCES "plataforma_pacientes" ("id") DEFERRABLE INITIALLY DEFERRED, "profissional_id" integer NOT NULL REFERENCES "auth_user" ("id") DEFERRABLE INITIALLY DEFERRED, "confirmado" bool NOT NULL);
INSERT INTO agenda_consulta VALUES(1,'2025-05-13 20:00:00',15,'agendado','','2025-05-12 17:11:51.200533','2025-05-12 19:23:09.249827','data_hora_fim',6,11,'confirmado');
INSERT INTO agenda_consulta VALUES(2,'2025-05-13 18:00:00',15,'agendado','','2025-05-12 17:12:10.959505','2025-05-12 19:03:57.388206','data_hora_fim',7,11,'confirmado');
INSERT INTO agenda_consulta VALUES(3,'2025-05-12 18:00:00',30,'agendado','','2025-05-12 17:54:00.062151','2025-05-12 17:54:00.062173','data_hora_fim',1,11,'confirmado');
INSERT INTO agenda_consulta VALUES(4,'2025-05-12 18:00:00',30,'cancelado','','2025-05-12 18:17:39.584258','2025-05-12 18:29:34.067035','data_hora_fim',3,11,'confirmado');
INSERT INTO agenda_consulta VALUES(5,'2025-05-12 18:31:00',30,'agendado','dores no pescoço','2025-05-12 19:02:23.338014','2025-05-12 19:02:23.338219','data_hora_fim',8,11,'confirmado');
INSERT INTO agenda_consulta VALUES(6,'2025-07-01 11:02:00',30,'agendado','','2025-07-01 00:13:29.645219','2025-07-01 00:13:29.645241','2025-07-01 11:32:00',7,11,0);
CREATE TABLE IF NOT EXISTS "notificacoes_aviso" ("id" integer NOT NULL PRIMARY KEY AUTOINCREMENT, "titulo" varchar(150) NOT NULL, "mensagem" text NOT NULL, "criado_em" datetime NOT NULL, "automatico" bool NOT NULL, "enviar_email" bool NOT NULL, "enviar_whatsapp" bool NOT NULL, "primeira_vez_login" bool NOT NULL, "prioridade" varchar(10) NOT NULL);
CREATE TABLE IF NOT EXISTS "notificacoes_aviso_usuarios" ("id" integer NOT NULL PRIMARY KEY AUTOINCREMENT, "aviso_id" bigint NOT NULL REFERENCES "notificacoes_aviso" ("id") DEFERRABLE INITIALLY DEFERRED, "user_id" integer NOT NULL REFERENCES "auth_user" ("id") DEFERRABLE INITIALLY DEFERRED);
CREATE TABLE IF NOT EXISTS "notificacoes_avisousuario" ("id" integer NOT NULL PRIMARY KEY AUTOINCREMENT, "lido" bool NOT NULL, "recebido_em" datetime NOT NULL, "aviso_id" bigint NOT NULL REFERENCES "notificacoes_aviso" ("id") DEFERRABLE INITIALLY DEFERRED, "usuario_id" integer NOT NULL REFERENCES "auth_user" ("id") DEFERRABLE INITIALLY DEFERRED);
CREATE TABLE IF NOT EXISTS "paginas_vendas_assinatura" ("id" integer NOT NULL PRIMARY KEY AUTOINCREMENT, "email" varchar(254) NOT NULL, "plano" varchar(50) NOT NULL, "validade" date NOT NULL, "status" varchar(20) NOT NULL, "data_pagamento" datetime NOT NULL, "eh_teste_gratis" bool NOT NULL, "valor" decimal NOT NULL);
INSERT INTO paginas_vendas_assinatura VALUES(1,'julia@gmail','Teste Grátis (7 dias)','2025-07-08','teste','2025-07-01 19:12:35.249224',1,0);
DELETE FROM sqlite_sequence;
INSERT INTO sqlite_sequence VALUES('django_migrations',65);
INSERT INTO sqlite_sequence VALUES('django_admin_log',33);
INSERT INTO sqlite_sequence VALUES('django_content_type',17);
INSERT INTO sqlite_sequence VALUES('auth_permission',76);
INSERT INTO sqlite_sequence VALUES('auth_group',0);
INSERT INTO sqlite_sequence VALUES('auth_user',26);
INSERT INTO sqlite_sequence VALUES('plataforma_examesc',0);
INSERT INTO sqlite_sequence VALUES('plataforma_dadospaciente',17);
INSERT INTO sqlite_sequence VALUES('autenticacao_ativacao',18);
INSERT INTO sqlite_sequence VALUES('autenticacao_perfilprofissional',1);
INSERT INTO sqlite_sequence VALUES('plataforma_evolucao',31);
INSERT INTO sqlite_sequence VALUES('plataforma_pacientes',8);
INSERT INTO sqlite_sequence VALUES('agenda_consulta',6);
INSERT INTO sqlite_sequence VALUES('paginas_vendas_assinatura',1);
CREATE UNIQUE INDEX "auth_group_permissions_group_id_permission_id_0cd325b0_uniq" ON "auth_group_permissions" ("group_id", "permission_id");
CREATE INDEX "auth_group_permissions_group_id_b120cbf9" ON "auth_group_permissions" ("group_id");
CREATE INDEX "auth_group_permissions_permission_id_84c5c92e" ON "auth_group_permissions" ("permission_id");
CREATE UNIQUE INDEX "auth_user_groups_user_id_group_id_94350c0c_uniq" ON "auth_user_groups" ("user_id", "group_id");
CREATE INDEX "auth_user_groups_user_id_6a12ed8b" ON "auth_user_groups" ("user_id");
CREATE INDEX "auth_user_groups_group_id_97559544" ON "auth_user_groups" ("group_id");
CREATE UNIQUE INDEX "auth_user_user_permissions_user_id_permission_id_14a6b632_uniq" ON "auth_user_user_permissions" ("user_id", "permission_id");
CREATE INDEX "auth_user_user_permissions_user_id_a95ead1b" ON "auth_user_user_permissions" ("user_id");
CREATE INDEX "auth_user_user_permissions_permission_id_1fbb5f2c" ON "auth_user_user_permissions" ("permission_id");
CREATE INDEX "django_admin_log_content_type_id_c4bce8eb" ON "django_admin_log" ("content_type_id");
CREATE INDEX "django_admin_log_user_id_c564eba6" ON "django_admin_log" ("user_id");
CREATE UNIQUE INDEX "django_content_type_app_label_model_76bd3d3b_uniq" ON "django_content_type" ("app_label", "model");
CREATE UNIQUE INDEX "auth_permission_content_type_id_codename_01ab375a_uniq" ON "auth_permission" ("content_type_id", "codename");
CREATE INDEX "auth_permission_content_type_id_2f476e4b" ON "auth_permission" ("content_type_id");
CREATE INDEX "django_session_expire_date_a5c62663" ON "django_session" ("expire_date");
CREATE INDEX "plataforma_examescomplementares_paciente_id_b11029c5" ON "plataforma_examesc" ("paciente_id");
CREATE INDEX "plataforma_dadospaciente_paciente_id_01fb8a7e" ON "plataforma_dadospaciente" ("paciente_id");
CREATE INDEX "autenticacao_ativacao_user_id_5e6934a9" ON "autenticacao_ativacao" ("user_id");
CREATE INDEX "plataforma_evolucao_paciente_id_cc03b922" ON "plataforma_evolucao" ("paciente_id");
CREATE INDEX "plataforma_pacientes_fisio_id_bf978411" ON "plataforma_pacientes" ("fisio_id");
CREATE INDEX "agenda_consulta_paciente_id_62b20e51" ON "agenda_consulta" ("paciente_id");
CREATE INDEX "agenda_consulta_profissional_id_fbcc2a6d" ON "agenda_consulta" ("profissional_id");
CREATE UNIQUE INDEX "notificacoes_aviso_usuarios_aviso_id_user_id_1d793e4a_uniq" ON "notificacoes_aviso_usuarios" ("aviso_id", "user_id");
CREATE INDEX "notificacoes_aviso_usuarios_aviso_id_87e10eeb" ON "notificacoes_aviso_usuarios" ("aviso_id");
CREATE INDEX "notificacoes_aviso_usuarios_user_id_9700da6c" ON "notificacoes_aviso_usuarios" ("user_id");
CREATE UNIQUE INDEX "notificacoes_avisousuario_aviso_id_usuario_id_73bfc393_uniq" ON "notificacoes_avisousuario" ("aviso_id", "usuario_id");
CREATE INDEX "notificacoes_avisousuario_aviso_id_5e10508f" ON "notificacoes_avisousuario" ("aviso_id");
CREATE INDEX "notificacoes_avisousuario_usuario_id_16621835" ON "notificacoes_avisousuario" ("usuario_id");
COMMIT;
